date,buy_hold,v1_bullish,v1_positive,v2_bullish,v2_positive
2024-09-14,1.000000,1.000000,1.000000,1.000000,1.000000
2024-09-15,0.984648,1.000000,0.984648,1.000000,0.984648
2024-09-16,0.969361,1.000000,0.983663,1.000000,0.969361
2024-09-17,1.004330,1.000000,0.983663,1.000000,0.968392
2024-09-18,1.028408,1.000000,1.006262,1.000000,0.990640
2024-09-19,1.048191,1.000000,1.025619,1.000000,1.009696
2024-09-20,1.052404,1.000000,1.024593,1.000000,1.008686
2024-09-21,1.054867,1.000000,1.024593,1.000000,1.008686
2024-09-22,1.058694,1.000000,1.024593,1.000000,1.008686
2024-09-23,1.054718,1.000000,1.024593,1.000000,1.003890
2024-09-24,1.070083,1.000000,1.024593,1.000000,1.018514
2024-09-25,1.051588,1.000000,1.024593,1.000000,1.017495
2024-09-26,1.085257,1.031018,1.056373,1.031018,1.049056
2024-09-27,1.095181,1.040445,1.066033,1.040445,1.058648
2024-09-28,1.096647,1.041838,1.067460,1.041838,1.060066
2024-09-29,1.092384,1.037789,1.063311,1.037789,1.055945
2024-09-30,1.054512,1.001809,1.026446,1.001809,1.019336
2024-10-01,1.012519,0.961915,0.985571,0.961915,0.978744
2024-10-02,1.009913,0.960953,0.983035,0.960953,0.976225
2024-10-03,1.011635,0.960953,0.984711,0.960953,0.977890
2024-10-04,1.033837,0.981081,1.006322,0.960953,0.999351
2024-10-05,1.033371,0.980100,1.005868,0.959559,0.998900
2024-10-06,1.046058,0.991153,1.018217,0.958599,1.011164
2024-10-07,1.036135,0.981751,1.008559,0.958599,1.001572
2024-10-08,1.035077,0.980749,1.007529,0.958599,1.000550
2024-10-09,1.009692,0.956696,0.982820,0.958599,0.976011
2024-10-10,1.004536,0.955740,0.981837,0.958599,0.975035
2024-10-11,1.041397,0.955740,1.016882,0.958599,0.975035
2024-10-12,1.052490,0.964965,1.027715,0.958599,0.984447
2024-10-13,1.046892,0.959832,1.022249,0.958599,0.979211
2024-10-14,1.100410,1.008900,1.074507,0.958599,1.029269
2024-10-15,1.116898,1.024017,1.090606,0.958599,1.044691
2024-10-16,1.125988,1.032350,1.099482,0.958599,1.053193
2024-10-17,1.122687,1.029324,1.096259,0.958599,1.050105
2024-10-18,1.139442,1.044686,1.112620,0.958599,1.065777
2024-10-19,1.138609,1.043641,1.111807,0.958599,1.064998
2024-10-20,1.149499,1.043641,1.122440,0.958599,1.075184
2024-10-21,1.121949,1.043641,1.095539,0.958599,1.049416
2024-10-22,1.122757,1.043641,1.096327,0.958599,1.050171
2024-10-23,1.110146,1.043641,1.084013,0.958599,1.038375
2024-10-24,1.135617,1.066543,1.108884,0.979634,1.062199
2024-10-25,1.110640,1.065476,1.084496,0.978655,1.038837
2024-10-26,1.117208,1.070711,1.090909,0.978655,1.044981
2024-10-27,1.132676,1.085536,1.106013,0.978655,1.059449
2024-10-28,1.164989,1.084450,1.104907,0.978655,1.058390
2024-10-29,1.211184,1.126368,1.147615,0.978655,1.099300
2024-10-30,1.204662,1.125241,1.141435,0.978655,1.093380
2024-10-31,1.170481,1.125241,1.109048,0.978655,1.062356
2024-11-01,1.157226,1.111374,1.096489,0.966594,1.050326
2024-11-02,1.155207,1.109434,1.094576,0.965627,1.048493
2024-11-03,1.145237,1.099859,1.085129,0.965627,1.039444
2024-11-04,1.129817,1.098759,1.084044,0.965627,1.038404
2024-11-05,1.155161,1.098759,1.107277,0.965627,1.038404
2024-11-06,1.258401,1.098759,1.206237,0.965627,1.038404
2024-11-07,1.263162,1.098759,1.210801,0.965627,1.041294
2024-11-08,1.274017,1.098759,1.221206,0.965627,1.050243
2024-11-09,1.276809,1.098759,1.223882,0.965627,1.052544
2024-11-10,1.338297,1.098759,1.282820,0.965627,1.103232
2024-11-11,1.476139,1.098759,1.281538,0.965627,1.102129
2024-11-12,1.464550,1.098759,1.270195,0.965627,1.092374
2024-11-13,1.504900,1.098759,1.268924,0.965627,1.091281
2024-11-14,1.454119,1.098759,1.268924,0.965627,1.053366
2024-11-15,1.515838,1.098759,1.268924,0.965627,1.098075
2024-11-16,1.508425,1.098759,1.261450,0.965627,1.092706
2024-11-17,1.496254,1.098759,1.260189,0.965627,1.083889
2024-11-18,1.506380,1.098759,1.260189,0.965627,1.091224
2024-11-19,1.537131,1.098759,1.284654,0.965627,1.113500
2024-11-20,1.570031,1.098759,1.283369,0.965627,1.137333
2024-11-21,1.637146,1.098759,1.336947,0.965627,1.185951
2024-11-22,1.646719,1.098759,1.344765,0.965627,1.192886
2024-11-23,1.626411,1.098759,1.343420,0.965627,1.191693
2024-11-24,1.630201,1.098759,1.343420,0.965627,1.191693
2024-11-25,1.548774,1.098759,1.274974,0.965627,1.130977
2024-11-26,1.531375,1.098759,1.260651,0.965627,1.118272
2024-11-27,1.596283,1.098759,1.259391,0.965627,1.117154
2024-11-28,1.592634,1.098759,1.259391,0.965627,1.117154
2024-11-29,1.622874,1.098759,1.259391,0.965627,1.117154
2024-11-30,1.605356,1.098759,1.259391,0.965627,1.117154
2024-12-01,1.618298,1.098759,1.259391,0.965627,1.117154
2024-12-02,1.595908,1.098759,1.259391,0.965627,1.117154
2024-12-03,1.596059,1.098759,1.259391,0.965627,1.116142
2024-12-04,1.641646,1.098759,1.259391,0.965627,1.148021
2024-12-05,1.614309,1.098759,1.259391,0.965627,1.128904
2024-12-06,1.660854,1.098759,1.259391,0.965627,1.127775
2024-12-07,1.662372,1.098759,1.259282,0.965627,1.127678
2024-12-08,1.683646,1.098759,1.258023,0.965627,1.142110
2024-12-09,1.619818,1.098759,1.258023,0.965627,1.098812
2024-12-10,1.608437,1.098759,1.247926,0.965627,1.091091
2024-12-11,1.683902,1.098759,1.306477,0.965627,1.090000
2024-12-12,1.665241,1.098759,1.305170,0.965627,1.090000
2024-12-13,1.688885,1.098759,1.305170,0.965627,1.090000
2024-12-14,1.688815,1.098759,1.305170,0.965627,1.090000
2024-12-15,1.739502,1.098759,1.305170,0.965627,1.090000
2024-12-16,1.766056,1.098759,1.305170,0.965627,1.090000
2024-12-17,1.767306,1.098759,1.304789,0.965627,1.089682
2024-12-18,1.668566,1.098759,1.303484,0.965627,1.028801
2024-12-19,1.622905,1.067592,1.266510,0.965627,1.000647
2024-12-20,1.628626,1.071356,1.270975,0.968066,1.004175
2024-12-21,1.620076,1.070284,1.269704,0.967097,0.998903
2024-12-22,1.585012,1.070284,1.240953,0.967097,0.997904
2024-12-23,1.579937,1.070284,1.236980,0.967097,0.993711
2024-12-24,1.642916,1.070284,1.286288,0.967097,1.033321
2024-12-25,1.655671,1.070284,1.296274,0.967097,1.041344
2024-12-26,1.595092,1.070284,1.248845,0.967097,1.003243
2024-12-27,1.570238,1.070284,1.229386,0.967097,1.002239
2024-12-28,1.586906,1.070284,1.228157,0.967097,1.002239
2024-12-29,1.560900,1.070284,1.228157,0.967097,1.002239
2024-12-30,1.545145,1.070284,1.228157,0.967097,1.002239
2024-12-31,1.558199,1.070284,1.228157,0.967097,1.002239
2025-01-01,1.575113,1.070284,1.228157,0.967097,1.002239
2025-01-02,1.614961,1.070284,1.228157,0.967097,1.002239
2025-01-03,1.634766,1.070284,1.241991,0.967097,1.013528
2025-01-04,1.635537,1.070284,1.242577,0.967097,1.014007
2025-01-05,1.637921,1.070284,1.244387,0.967097,1.015484
2025-01-06,1.702396,1.070284,1.243143,0.967097,1.014468
2025-01-07,1.614458,1.070284,1.243143,0.967097,1.014468
2025-01-08,1.582920,1.070284,1.243143,0.967097,1.014468
2025-01-09,1.541156,1.070284,1.243143,0.967097,1.014468
2025-01-10,1.577350,1.070284,1.243143,0.967097,1.014468
2025-01-11,1.575250,1.070284,1.243143,0.967097,1.014468
2025-01-12,1.574335,1.070284,1.243143,0.967097,1.014468
2025-01-13,1.574186,1.070284,1.243143,0.967097,1.014468
2025-01-14,1.607902,1.070284,1.243143,0.967097,1.014468
2025-01-15,1.673451,1.070284,1.243143,0.967097,1.014468
2025-01-16,1.664958,1.070284,1.243143,0.967097,1.008305
2025-01-17,1.733066,1.070284,1.243143,0.967097,1.007297
2025-01-18,1.741038,1.070284,1.243143,0.967097,1.007297
2025-01-19,1.687342,1.070284,1.243143,0.967097,1.007297
2025-01-20,1.702802,1.070284,1.243143,0.967097,1.007297
2025-01-21,1.767474,1.070284,1.243143,0.967097,1.044547
2025-01-22,1.726891,1.044639,1.213356,0.967097,1.020563
2025-01-23,1.730283,1.046691,1.215739,0.967097,1.022567
2025-01-24,1.746271,1.056363,1.226973,0.967097,1.032016
2025-01-25,1.744212,1.055117,1.225526,0.967097,1.030799
2025-01-26,1.708797,1.054062,1.200642,0.967097,1.009869
2025-01-27,1.699852,1.047491,1.194357,0.967097,1.004583
2025-01-28,1.687408,1.039822,1.185614,0.967097,0.997229
2025-01-29,1.727334,1.038782,1.213667,0.967097,0.996232
2025-01-30,1.743814,1.038782,1.225246,0.967097,0.996232
2025-01-31,1.705625,1.038782,1.198414,0.967097,0.996232
2025-02-01,1.675754,1.038782,1.197215,0.967097,0.996232
2025-02-02,1.626880,1.038782,1.161101,0.967097,0.996232
2025-02-03,1.687291,1.038782,1.159940,0.967097,0.996232
2025-02-04,1.627921,1.001193,1.117966,0.967097,0.960182
2025-02-05,1.608760,1.000191,1.116848,0.967097,0.959221
2025-02-06,1.607793,1.000191,1.115060,0.967097,0.959221
2025-02-07,1.607001,1.000191,1.113945,0.967097,0.959221
2025-02-08,1.605968,1.000191,1.113945,0.967097,0.959221
2025-02-09,1.606268,1.000191,1.113945,0.967097,0.959221
2025-02-10,1.622388,1.000191,1.113945,0.967097,0.959221
2025-02-11,1.594869,1.000191,1.093936,0.967097,0.959221
2025-02-12,1.629701,1.000191,1.092842,0.967097,0.959221
2025-02-13,1.608689,1.000191,1.092842,0.967097,0.959221
2025-02-14,1.623548,1.000191,1.092842,0.967097,0.959221
2025-02-15,1.624700,1.000191,1.092842,0.967097,0.959221
2025-02-16,1.600529,1.000191,1.092842,0.967097,0.959221
2025-02-17,1.594899,1.000191,1.092842,0.967097,0.959221
2025-02-18,1.593096,1.000191,1.092842,0.967097,0.959221
2025-02-19,1.609292,1.000191,1.092842,0.967097,0.959221
2025-02-20,1.636945,1.000191,1.092842,0.967097,0.959221
2025-02-21,1.601593,1.000191,1.092842,0.967097,0.959221
2025-02-22,1.607738,1.000191,1.092842,0.967097,0.959221
2025-02-23,1.602859,1.000191,1.092842,0.967097,0.959221
2025-02-24,1.524510,1.000191,1.092842,0.967097,0.959221
2025-02-25,1.476679,1.000191,1.092842,0.967097,0.959221
2025-02-26,1.402907,1.000191,1.092842,0.967097,0.959221
2025-02-27,1.410541,1.000191,1.092842,0.967097,0.959221
2025-02-28,1.404569,1.000191,1.087122,0.967097,0.954201
2025-03-01,1.433120,1.000191,1.109220,0.967097,0.953247
2025-03-02,1.569755,1.000191,1.108111,0.967097,0.953247
2025-03-03,1.435719,1.000191,1.108111,0.967097,0.953247
2025-03-04,1.453393,1.000191,1.108111,0.967097,0.953247
2025-03-05,1.508743,1.000191,1.108111,0.967097,0.953247
2025-03-06,1.497518,1.000191,1.108111,0.967097,0.953247
2025-03-07,1.445396,1.000191,1.068435,0.967097,0.953247
2025-03-08,1.435750,1.000191,1.067366,0.967097,0.953247
2025-03-09,1.344364,1.000191,1.067366,0.967097,0.953247
2025-03-10,1.308754,1.000191,1.038026,0.967097,0.927044
2025-03-11,1.380975,1.000191,1.036988,0.967097,0.926117
2025-03-12,1.393416,1.000191,1.036988,0.967097,0.926117
2025-03-13,1.350715,1.000191,1.036988,0.967097,0.926117
2025-03-14,1.398462,1.000191,1.036988,0.967097,0.926117
2025-03-15,1.404378,1.000191,1.036988,0.967097,0.926117
2025-03-16,1.375006,1.000191,1.036988,0.967097,0.926117
2025-03-17,1.398909,1.000191,1.036988,0.967097,0.926117
2025-03-18,1.377345,1.000191,1.036988,0.967097,0.926117
2025-03-19,1.446132,1.000191,1.036988,0.967097,0.926117
2025-03-20,1.402462,1.000191,1.036988,0.967097,0.926117
2025-03-21,1.400221,1.000191,1.036988,0.967097,0.926117
2025-03-22,1.396088,1.000191,1.036988,0.967097,0.926117
2025-03-23,1.433419,1.000191,1.036988,0.967097,0.926117
2025-03-24,1.456992,1.000191,1.036988,0.967097,0.926117
2025-03-25,1.455239,1.000191,1.036988,0.967097,0.926117
2025-03-26,1.447185,1.000191,1.036988,0.967097,0.926117
2025-03-27,1.452561,1.000191,1.036988,0.967097,0.926117
2025-03-28,1.405809,1.000191,1.036988,0.967097,0.926117
2025-03-29,1.376238,1.000191,1.036988,0.967097,0.926117
2025-03-30,1.371933,1.000191,1.036988,0.967097,0.926117
2025-03-31,1.374597,1.000191,1.036988,0.967097,0.926117
2025-04-01,1.418030,1.000191,1.036988,0.967097,0.926117
2025-04-02,1.374036,1.000191,1.036988,0.967097,0.926117
2025-04-03,1.385639,1.000191,1.036988,0.967097,0.926117
2025-04-04,1.396908,1.000191,1.036988,0.967097,0.932723
2025-04-05,1.391049,1.000191,1.036988,0.967097,0.928810
2025-04-06,1.305992,1.000191,1.036988,0.967097,0.872018
2025-04-07,1.318202,1.000191,1.036988,0.967097,0.871146
2025-04-08,1.270897,1.000191,1.036988,0.967097,0.839013
2025-04-09,1.375683,1.000191,1.036988,0.967097,0.908190
2025-04-10,1.325596,1.000191,1.036988,0.967097,0.907281
2025-04-11,1.389148,1.000191,1.036988,0.967097,0.907281
2025-04-12,1.420005,1.000191,1.058985,0.967097,0.926527
2025-04-13,1.394746,1.000191,1.040148,0.967097,0.910046
2025-04-14,1.408593,1.000191,1.039108,0.967097,0.919081
2025-04-15,1.392814,0.987987,1.026429,0.955297,0.908786
2025-04-16,1.399248,0.986999,1.025402,0.954342,0.912984
2025-04-17,1.414526,0.986999,1.025402,0.954342,0.922953
2025-04-18,1.406646,0.986999,1.018665,0.954342,0.917811
2025-04-19,1.416676,0.986999,1.025928,0.954342,0.924355
2025-04-20,1.418378,0.986999,1.027161,0.954342,0.925466
2025-04-21,1.457293,0.986999,1.055342,0.954342,0.950857
2025-04-22,1.555984,0.986999,1.126812,0.954342,1.015251
2025-04-23,1.560115,0.986999,1.125685,0.954342,1.014236
2025-04-24,1.564934,0.986999,1.125685,0.954342,1.014236
2025-04-25,1.575894,0.992925,1.132443,0.954342,1.020325
2025-04-26,1.575716,0.992813,1.132316,0.953280,1.020210
2025-04-27,1.561084,0.983594,1.121801,0.944428,1.010736
2025-04-28,1.582097,0.996833,1.136901,0.957140,1.024341
2025-04-29,1.569536,0.988918,1.127874,0.949540,1.016208
2025-04-30,1.568123,0.988029,1.126859,0.948686,1.015294
2025-05-01,1.606720,1.012347,1.154595,0.972036,1.040284
2025-05-02,1.613335,1.016515,1.159348,0.976038,1.044566
2025-05-03,1.596172,1.015499,1.147015,0.975062,1.033454
2025-05-04,1.569882,0.997757,1.128123,0.958027,1.016432
2025-05-05,1.577476,1.002584,1.133580,0.962662,1.021349
2025-05-06,1.612450,1.024812,1.158713,0.984005,1.043994
2025-05-07,1.615722,1.026892,1.161064,0.986001,1.046112
2025-05-08,1.719480,1.025865,1.235625,1.049320,1.113291
2025-05-09,1.714658,1.025865,1.232159,1.048271,1.110169
2025-05-10,1.745256,1.025865,1.230927,1.048271,1.129980
2025-05-11,1.733741,1.025865,1.230927,1.048271,1.122524
2025-05-12,1.711649,1.025865,1.214012,1.048271,1.108221
2025-05-13,1.733503,1.025865,1.229512,1.048271,1.122370
2025-05-14,1.723580,1.025865,1.222474,1.048271,1.115946
2025-05-15,1.727841,1.025865,1.225496,1.048271,1.118705
2025-05-16,1.722849,1.025865,1.221955,1.048271,1.115472
2025-05-17,1.717233,1.025865,1.217972,1.048271,1.111836
2025-05-18,1.772644,1.025865,1.216754,1.048271,1.110724
2025-05-19,1.757981,1.025865,1.205473,1.048271,1.100426
2025-05-20,1.779233,1.037240,1.220046,1.048271,1.113729
2025-05-21,1.825758,1.036203,1.251949,1.048271,1.142852
2025-05-22,1.859931,1.054561,1.275382,1.066843,1.164243
2025-05-23,1.787031,1.053507,1.225393,1.065777,1.118611
2025-05-24,1.794418,1.056808,1.230458,1.069116,1.123234
2025-05-25,1.815104,1.068991,1.244643,1.081441,1.136183
2025-05-26,1.822274,1.067922,1.243399,1.080360,1.135047
2025-05-27,1.814005,1.067922,1.243399,1.080360,1.135047
2025-05-28,1.794749,1.067922,1.243399,1.080360,1.135047
2025-05-29,1.758248,1.067922,1.216867,1.080360,1.110828
2025-05-30,1.731534,1.067922,1.198379,1.080360,1.093950
2025-05-31,1.741632,1.067922,1.205367,1.080360,1.100330
2025-06-01,1.759133,1.077586,1.217480,1.080360,1.111387
2025-06-02,1.762715,1.076508,1.219959,1.080360,1.113650
2025-06-03,1.754703,1.076508,1.214414,1.080360,1.108588
2025-06-04,1.743380,1.076508,1.206577,1.080360,1.101434
2025-06-05,1.690291,1.076508,1.169835,1.080360,1.100333
2025-06-06,1.736579,1.104911,1.201870,1.080360,1.129364
2025-06-07,1.757622,1.118300,1.216434,1.080360,1.143050
2025-06-08,1.760650,1.120227,1.218530,1.080360,1.145019
2025-06-09,1.836066,1.119106,1.270724,1.080360,1.143874
2025-06-10,1.836255,1.119106,1.270855,1.080360,1.143874
2025-06-11,1.809125,1.101453,1.252079,1.080360,1.125830
2025-06-12,1.759613,1.071308,1.217812,1.080360,1.095018
2025-06-13,1.766188,1.075312,1.222363,1.080360,1.099110
2025-06-14,1.755332,1.068702,1.214849,1.072639,1.092354
2025-06-15,1.758319,1.067633,1.216916,1.071566,1.091261
2025-06-16,1.778310,1.067633,1.230752,1.071566,1.091261
2025-06-17,1.740954,1.067633,1.204898,1.071566,1.067247
2025-06-18,1.746542,1.067633,1.208766,1.071566,1.066180
2025-06-19,1.742743,1.064243,1.206136,1.071566,1.062794
2025-06-20,1.720086,1.063179,1.190456,1.071566,1.048977
2025-06-21,1.700471,1.063179,1.189266,1.071566,1.047928
2025-06-22,1.681219,1.063179,1.189266,1.071566,1.047928
2025-06-23,1.753988,1.063179,1.239552,1.071566,1.092238
2025-06-24,1.766461,1.069676,1.248367,1.071566,1.100005
2025-06-25,1.787402,1.068606,1.263166,1.071566,1.113046
2025-06-26,1.780849,1.068606,1.258535,1.071566,1.108965
2025-06-27,1.782523,1.068542,1.259718,1.071566,1.110008
2025-06-28,1.786673,1.071030,1.262650,1.072989,1.112592
2025-06-29,1.804326,1.081612,1.275126,1.083591,1.123584
2025-06-30,1.784170,1.080531,1.273851,1.082507,1.122461
2025-07-01,1.759770,1.080531,1.273851,1.082507,1.122461
2025-07-02,1.812530,1.080531,1.273851,1.082507,1.122461
2025-07-03,1.824772,1.080531,1.273851,1.082507,1.122461
2025-07-04,1.798120,1.080531,1.273851,1.082507,1.122461
2025-07-05,1.801682,1.080531,1.273851,1.082507,1.122461
2025-07-06,1.818429,1.080531,1.273851,1.082507,1.122461
2025-07-07,1.802761,1.080531,1.273851,1.082507,1.122461
2025-07-08,1.813752,1.080531,1.273851,1.082507,1.122461
2025-07-09,1.852234,1.102376,1.299604,1.104392,1.145154
2025-07-10,1.931763,1.149708,1.355405,1.103288,1.194323
2025-07-11,1.957034,1.148558,1.373136,1.103288,1.193128
2025-07-12,1.955242,1.148558,1.371878,1.103288,1.193128
2025-07-13,1.982994,1.148558,1.370507,1.103288,1.193128
2025-07-14,1.995558,1.148558,1.370507,1.103288,1.199495
2025-07-15,1.960871,1.148558,1.345314,1.103288,1.178645
2025-07-16,1.975397,1.148558,1.355280,1.103288,1.187376
2025-07-17,1.984508,1.148558,1.361530,1.103288,1.192853
2025-07-18,1.963648,1.148558,1.347219,1.103288,1.180314
2025-07-19,1.962235,1.148558,1.346250,1.103288,1.179465
2025-07-20,1.952663,1.148558,1.339682,1.103288,1.173711
2025-07-21,1.954582,1.148558,1.340998,1.103288,1.174864
2025-07-22,1.997444,1.148558,1.339657,1.103288,1.173690
2025-07-23,1.977488,1.135935,1.324934,1.091162,1.160790
2025-07-24,1.970578,1.131965,1.320304,1.087349,1.156733
2025-07-25,1.958477,1.125014,1.312196,1.080672,1.149630
2025-07-26,1.963567,1.127938,1.315607,1.079591,1.152618
2025-07-27,1.988471,1.126810,1.314291,1.079591,1.151466
2025-07-28,1.965937,1.126810,1.298083,1.079591,1.151466
2025-07-29,1.964080,1.126810,1.296856,1.079591,1.149226
2025-07-30,1.962240,1.126810,1.295642,1.079591,1.148150
2025-07-31,1.927668,1.126810,1.272814,1.079591,1.127921
2025-08-01,1.886602,1.126810,1.245699,1.079591,1.103892
2025-08-02,1.874087,1.118208,1.237436,1.079591,1.096570
2025-08-03,1.901770,1.134726,1.255714,1.094458,1.112767
2025-08-04,1.915861,1.143133,1.265018,1.093364,1.121012
2025-08-05,1.900453,1.141990,1.254845,1.093364,1.111997
2025-08-06,1.914816,1.141990,1.264328,1.093364,1.120401
2025-08-07,1.956108,1.141990,1.291593,1.093364,1.119280
2025-08-08,1.942832,1.141990,1.282827,1.093364,1.119280
2025-08-09,1.939293,1.141990,1.280490,1.093364,1.119280
2025-08-10,1.986447,1.141990,1.311625,1.093364,1.119280
2025-08-11,1.976323,1.141990,1.304940,1.093364,1.119280
2025-08-12,2.000436,1.154782,1.320862,1.093364,1.131817
2025-08-13,2.053261,1.185276,1.355741,1.093364,1.161705
2025-08-14,1.969813,1.184090,1.300642,1.093364,1.114492
2025-08-15,1.953944,1.173367,1.290164,1.083462,1.105513
2025-08-16,1.954587,1.173753,1.290588,1.083818,1.105877
2025-08-17,1.954992,1.173996,1.290856,1.084043,1.106106
2025-08-18,1.935377,1.172822,1.277904,1.082959,1.095008
2025-08-19,1.879525,1.172822,1.241026,1.082959,1.063408
2025-08-20,1.902809,1.172822,1.239785,1.082959,1.062345
2025-08-21,1.873315,1.172822,1.239785,1.082959,1.062345
2025-08-22,1.947182,1.172822,1.239785,1.082959,1.062345
2025-08-23,1.922239,1.156626,1.222664,1.082959,1.047674
2025-08-24,1.889860,1.155469,1.221441,1.082959,1.046626
2025-08-25,1.833551,1.155469,1.221441,1.082959,1.046626
2025-08-26,1.861047,1.155469,1.221441,1.082959,1.046626
2025-08-27,1.852701,1.155469,1.221441,1.082959,1.046626
2025-08-28,1.874429,1.155469,1.221441,1.082959,1.046626
2025-08-29,1.804667,1.155469,1.221441,1.082959,1.046626
2025-08-30,1.811976,1.155469,1.221441,1.082959,1.046626
2025-08-31,1.802485,1.155469,1.221441,1.082959,1.046626
2025-09-01,1.818988,1.155469,1.221441,1.082959,1.046626
2025-09-02,1.852334,1.155469,1.221441,1.082959,1.046626
2025-09-03,1.860089,1.155469,1.221441,1.082959,1.046626
2025-09-04,1.843856,1.155469,1.221441,1.082959,1.046626
2025-09-05,1.842676,1.155469,1.221441,1.082959,1.046626
2025-09-06,1.834816,1.155469,1.221441,1.082959,1.046626
2025-09-07,1.850625,1.155469,1.221441,1.082959,1.046626
2025-09-08,1.866076,1.155469,1.221441,1.082959,1.046626
2025-09-09,1.857436,1.155469,1.221441,1.082959,1.040734
2025-09-10,1.897627,1.155469,1.221441,1.082959,1.039693
2025-09-11,1.922982,1.155469,1.221441,1.082959,1.039693
2025-09-12,1.932086,1.155469,1.221441,1.082959,1.039693
2025-09-13,1.930236,1.155469,1.221441,1.082959,1.039693
2025-09-14,1.919407,1.155469,1.213368,1.082959,1.032821
2025-09-15,1.920768,1.155469,1.212154,1.082959,1.033553
2025-09-16,1.944734,1.155469,1.226067,1.082959,1.046449
2025-09-17,1.939049,1.155469,1.224841,1.082959,1.043390
2025-09-18,1.949472,1.155469,1.230200,1.082959,1.048999
2025-09-19,1.925475,1.155469,1.228969,1.082959,1.036086
2025-09-20,1.926361,1.155469,1.228306,1.082959,1.036563
2025-09-21,1.918813,1.155469,1.223493,1.082959,1.032501
2025-09-22,1.875830,1.155469,1.196086,1.082959,1.009372
2025-09-23,1.864969,1.155469,1.194890,1.082959,1.008363
2025-09-24,1.886753,1.155469,1.194890,1.082959,1.008363
2025-09-25,1.814943,1.155469,1.194890,1.082959,1.008363
2025-09-26,1.825749,1.155469,1.194890,1.082959,1.008363
2025-09-27,1.825622,1.155469,1.194890,1.082959,1.008363
2025-09-28,1.867720,1.180958,1.221248,1.082959,1.030606
2025-09-29,1.903488,1.179777,1.244635,1.082959,1.050343
2025-09-30,1.899108,1.175882,1.241772,1.082959,1.047926
2025-10-01,1.974807,1.222754,1.291269,1.082959,1.089697
2025-10-02,2.007018,1.242698,1.312331,1.099540,1.107471
2025-10-03,2.035370,1.241455,1.330869,1.098440,1.123115
2025-10-04,2.038017,1.241455,1.332601,1.098440,1.124576
2025-10-05,2.056189,1.251283,1.344483,1.107136,1.134604
2025-10-06,2.075776,1.250032,1.357290,1.106029,1.145411
2025-10-07,2.020399,1.250032,1.321080,1.106029,1.114855
2025-10-08,2.053253,1.250032,1.342563,1.106029,1.132984
2025-10-09,2.025885,1.232119,1.324668,1.090180,1.117882
2025-10-10,1.877886,1.230887,1.227896,1.089090,1.036216
2025-10-11,1.842416,1.230887,1.226668,1.089090,1.035180
2025-10-12,1.914258,1.230887,1.273273,1.089090,1.074510
2025-10-13,1.917709,1.231875,1.275568,1.089964,1.076447
2025-10-14,1.882110,1.209007,1.251889,1.069731,1.056464
2025-10-15,1.844396,1.207798,1.226804,1.068661,1.055408
2025-10-16,1.801618,1.207798,1.198350,1.068661,1.029874
2025-10-17,1.772268,1.207798,1.178827,1.068661,1.013096
2025-10-18,1.784812,1.215139,1.187171,1.068661,1.020267
2025-10-19,1.809086,1.231666,1.203317,1.068661,1.034143
2025-10-20,1.840546,1.230434,1.224243,1.068661,1.052127
2025-10-21,1.803339,1.230434,1.199495,1.068661,1.030858
2025-10-22,1.791180,1.230434,1.191407,1.068661,1.023907
2025-10-23,1.832988,1.230434,1.219216,1.068661,1.047806
2025-10-24,1.848419,1.230434,1.217996,1.068661,1.046758
2025-10-25,1.859099,1.230434,1.217996,1.068661,1.046758
2025-10-26,1.907608,1.230434,1.217996,1.068661,1.046758
2025-10-27,1.900085,1.230434,1.211975,1.068661,1.046758
2025-10-28,1.879950,1.230434,1.210763,1.068661,1.046758
2025-10-29,1.832041,1.230434,1.210763,1.068661,1.046758
2025-10-30,1.803759,1.230434,1.210763,1.068661,1.046758
2025-10-31,1.825159,1.230434,1.210763,1.068661,1.046758
2025-11-01,1.833320,1.230434,1.210763,1.068661,1.046758
2025-11-02,1.840689,1.230434,1.210763,1.068661,1.046758
2025-11-03,1.774788,1.230434,1.210763,1.068661,1.046758
2025-11-04,1.690100,1.230434,1.210763,1.068661,1.046758
2025-11-05,1.729864,1.230434,1.210763,1.068661,1.046758
2025-11-06,1.687583,1.230434,1.210763,1.068661,1.046758
2025-11-07,1.720770,1.230434,1.210763,1.068661,1.046758
2025-11-08,1.703684,1.230434,1.210763,1.068661,1.046758
2025-11-09,1.743814,1.230434,1.210763,1.068661,1.046758
2025-11-10,1.765265,1.230434,1.210763,1.068661,1.046758
2025-11-11,1.716107,1.230434,1.210763,1.068661,1.046758
2025-11-12,1.692717,1.230434,1.210763,1.068661,1.046758
2025-11-13,1.660041,1.230434,1.210763,1.068661,1.046758
2025-11-14,1.575150,1.230434,1.210763,1.068661,1.046758
2025-11-15,1.591839,1.230434,1.222381,1.068661,1.046758
2025-11-16,1.569612,1.230434,1.221159,1.068661,1.046758
2025-11-17,1.535538,1.230434,1.221159,1.068661,1.046758
2025-11-18,1.547955,1.230434,1.221159,1.068661,1.046758
2025-11-19,1.524545,1.230434,1.221159,1.068661,1.046758
2025-11-20,1.442656,1.230434,1.221159,1.068661,1.046758
2025-11-21,1.417549,1.230434,1.198685,1.068661,1.027494
2025-11-22,1.411060,1.230434,1.193198,1.068661,1.026467
2025-11-23,1.445866,1.230434,1.222630,1.068661,1.026467
2025-11-24,1.470345,1.230434,1.221407,1.068661,1.026467
2025-11-25,1.454858,1.230434,1.221407,1.068661,1.026467
2025-11-26,1.506712,1.230434,1.221407,1.068661,1.026467
2025-11-27,1.520865,1.230434,1.221407,1.068661,1.026467
2025-11-28,1.513484,1.230434,1.214258,1.068661,1.026467
2025-11-29,1.512014,1.230434,1.213079,1.068661,1.026467
2025-11-30,1.504647,1.230434,1.211866,1.068661,1.026467
2025-12-01,1.436808,1.230434,1.156016,1.068661,0.979161
2025-12-02,1.519931,1.230434,1.222894,1.068661,0.978181
2025-12-03,1.555767,1.230434,1.221672,1.068661,0.978181
2025-12-04,1.533255,1.230434,1.221672,1.068661,0.978181
2025-12-05,1.487496,1.230434,1.221672,1.068661,0.978181
2025-12-06,1.485944,1.230434,1.221672,1.068661,0.978181
2025-12-07,1.505235,1.230434,1.221672,1.068661,0.978181
2025-12-08,1.509215,1.230434,1.221672,1.068661,0.978181
2025-12-09,1.543259,1.230434,1.221672,1.068661,0.978181
2025-12-10,1.532212,1.230434,1.221672,1.068661,0.978181
2025-12-11,1.540504,1.230434,1.221672,1.068661,0.978181
2025-12-12,1.503122,1.230434,1.221672,1.068661,0.978181
2025-12-13,1.502649,1.230434,1.221672,1.068661,0.978181
2025-12-14,1.468216,1.230434,1.221672,1.068661,0.978181
2025-12-15,1.439240,1.230434,1.221672,1.068661,0.978181
2025-12-16,1.463075,1.230434,1.240681,1.068661,0.993402
2025-12-17,1.436096,1.230434,1.217803,1.068661,0.992409
2025-12-18,1.423993,1.230434,1.216585,1.068661,0.992409
2025-12-19,1.467629,1.230434,1.216585,1.068661,0.992409
2025-12-20,1.471358,1.230434,1.216585,1.068661,0.992409
2025-12-21,1.476320,1.230434,1.219471,1.068661,0.992409
2025-12-22,1.475686,1.230434,1.218947,1.068661,0.992409
2025-12-23,1.456790,1.230434,1.203339,1.068661,0.992409
2025-12-24,1.459845,1.230434,1.205862,1.068661,0.992409
2025-12-25,1.452448,1.230434,1.204656,1.068661,0.992409
2025-12-26,1.454851,1.230434,1.204656,1.068661,0.992409
2025-12-27,1.463301,1.230434,1.204656,1.068661,0.992409
2025-12-28,1.464561,1.230434,1.204656,1.068661,0.992409
2025-12-29,1.452646,1.230434,1.204656,1.068661,0.983342
2025-12-30,1.473433,1.230434,1.204656,1.068661,0.997414
2025-12-31,1.459491,1.230434,1.204656,1.068661,0.987976
2026-01-01,1.479320,1.230434,1.204656,1.068661,1.001399
2026-01-02,1.498571,1.230434,1.204656,1.068661,1.014431
2026-01-03,1.509110,1.230434,1.211923,1.068661,1.021564
2026-01-04,1.524125,1.230434,1.223981,1.068661,1.031729
2026-01-05,1.562923,1.230434,1.255139,1.068661,1.057992
2026-01-06,1.561062,1.230434,1.253884,1.068661,1.056733
2026-01-07,1.521368,1.230434,1.253884,1.068661,1.055676
2026-01-08,1.516969,1.230434,1.249005,1.068661,1.051568
2026-01-09,1.509331,1.223008,1.242716,1.062211,1.046273
2026-01-10,1.507056,1.221165,1.240843,1.060611,1.044697
2026-01-11,1.515531,1.228033,1.247821,1.066575,1.050571
2026-01-12,1.520236,1.231845,1.251695,1.069886,1.053833
2026-01-13,1.588805,1.287406,1.308151,1.118142,1.101365
2026-01-14,1.614411,1.308155,1.329234,1.136163,1.119115
2026-01-15,1.591982,1.306847,1.310767,1.135027,1.103567
2026-01-16,1.591085,1.304804,1.310028,1.133253,1.102945
2026-01-17,1.584371,1.299298,1.304501,1.128471,1.098292
2026-01-18,1.559816,1.279161,1.284283,1.110982,1.081270
2026-01-19,1.542463,1.264930,1.269995,1.098622,1.069241
2026-01-20,1.472470,1.207531,1.212366,1.048769,1.020721
2026-01-21,1.489573,1.206324,1.226448,1.047720,1.032577
2026-01-22,1.491320,1.206324,1.227886,1.047720,1.031544
2026-01-23,1.491996,1.206324,1.228443,1.047720,1.030980
2026-01-24,1.485753,1.206324,1.223303,1.047720,1.026666
2026-01-25,1.443208,1.206324,1.188273,1.047720,0.997267
2026-01-26,1.471128,1.206324,1.211261,1.047720,1.016561
2026-01-27,1.486163,1.206324,1.223641,1.047720,1.026950
2026-01-28,1.486996,1.206324,1.224326,1.047720,1.027525
2026-01-29,1.409568,1.206324,1.160576,1.047720,0.974022
2026-01-30,1.403080,1.206324,1.155233,1.047720,0.969538
2026-01-31,1.311172,1.206324,1.079561,1.047720,0.906030
2026-02-01,1.281651,1.177956,1.055254,1.023083,0.885630
2026-02-02,1.311131,1.205052,1.079527,1.046616,0.906001
2026-02-03,1.261702,1.203846,1.078447,1.045569,0.905095
2026-02-04,1.218335,1.203846,1.078447,1.045569,0.905095
2026-02-05,1.047556,1.203846,1.078447,1.045569,0.905095
2026-02-06,1.175281,1.203846,1.078447,1.045569,0.905095
2026-02-07,1.153785,1.203846,1.057645,1.045569,0.905095
2026-02-08,1.171120,1.203846,1.056587,1.045569,0.905095
2026-02-09,1.167916,1.203846,1.056587,1.045569,0.905095
2026-02-10,1.146324,1.203846,1.056587,1.045569,0.905095
2026-02-11,1.117037,1.203846,1.056587,1.045569,0.905095
2026-02-12,1.103544,1.203846,1.056587,1.045569,0.905095
2026-02-13,1.146535,1.203846,1.096692,1.045569,0.905095
2026-02-14,1.162670,1.203846,1.095595,1.045569,0.905095
2026-02-15,1.146179,1.203846,1.095595,1.045569,0.905095
2026-02-16,1.147176,1.203846,1.095452,1.045569,0.904977
2026-02-17,1.124048,1.203846,1.073368,1.045569,0.886732
2026-02-18,1.106688,1.203846,1.056791,1.045569,0.873038
2026-02-19,1.115725,1.203846,1.065420,1.045569,0.880167
2026-02-20,1.132648,1.203846,1.081580,1.045569,0.893517
2026-02-21,1.131914,1.203846,1.080879,1.045569,0.892938
2026-02-22,1.126377,1.203846,1.075592,1.045569,0.888570
2026-02-23,1.076632,1.203846,1.028090,1.045569,0.849327
2026-02-24,1.066677,1.203846,1.018583,1.045569,0.841474
2026-02-25,1.132116,1.203846,1.081072,1.045569,0.893097
2026-02-26,1.123742,1.203846,1.073076,1.045569,0.892204
2026-02-27,1.096882,1.203846,1.047426,1.045569,0.892204
2026-02-28,1.115218,1.203846,1.064936,1.045569,0.906226
2026-03-01,1.095289,1.203846,1.045906,1.045569,0.905320
2026-03-02,1.146137,1.203846,1.094461,1.045569,0.946443
2026-03-03,1.137943,1.203846,1.086637,1.045569,0.945497
2026-03-04,1.210025,1.203846,1.085550,1.045569,0.945497
2026-03-05,1.180450,1.203846,1.085550,1.045569,0.945497
2026-03-06,1.134214,1.203846,1.085550,1.045569,0.945497
2026-03-07,1.120041,1.203846,1.085550,1.045569,0.945497
2026-03-08,1.098532,1.203846,1.063618,1.045569,0.945497
2026-03-09,1.139511,1.203846,1.103294,1.045569,0.945497
2026-03-10,1.164763,1.203846,1.127744,1.045569,0.945497
2026-03-11,1.168813,1.203846,1.126616,1.045569,0.947839
2026-03-12,1.174633,1.203846,1.126616,1.045569,0.952558
2026-03-13,1.181104,1.203846,1.126616,1.045569,0.957806
2026-03-14,1.185799,1.203846,1.126616,1.045569,0.961614
2026-03-15,1.212497,1.203846,1.126616,1.045569,0.983264
2026-03-16,1.246956,1.236856,1.157508,1.074239,1.011209
2026-03-17,1.230716,1.235619,1.142432,1.073164,0.998038
2026-03-18,1.186375,1.235619,1.101273,1.073164,0.962081
2026-03-19,1.164453,1.235619,1.080923,1.073164,0.944303
2026-03-20,1.174123,1.235619,1.079842,1.073164,0.943359
2026-03-21,1.147603,1.206475,1.054372,1.047852,0.921108
2026-03-22,1.129967,1.187934,1.038168,1.031749,0.906952
2026-03-23,1.180712,1.241283,1.084791,1.078083,0.947682
2026-03-24,1.174889,1.235161,1.079441,1.072766,0.943008
2026-03-25,1.187874,1.248812,1.091371,1.084622,0.953430
2026-03-26,1.145975,1.204763,1.052875,1.046365,0.919801
2026-03-27,1.105794,1.162521,1.015959,1.009676,0.887550
2026-03-28,1.105290,1.161991,1.015496,1.009216,0.887146
2026-03-29,1.099194,1.155582,1.009895,1.003650,0.882252
2026-03-30,1.112289,1.154427,1.021926,1.002647,0.892763
2026-03-31,1.137052,1.178973,1.044678,1.002647,0.912639
2026-04-01,1.134212,1.176028,1.042068,1.002647,0.910359
2026-04-02,1.114031,1.155104,1.023527,1.002647,0.894162
2026-04-03,1.115069,1.153948,1.024480,1.002647,0.894995
2026-04-04,1.120666,1.158587,1.029623,1.002647,0.899487
2026-04-05,1.149536,1.188434,1.056147,1.002647,0.922659
2026-04-06,1.146530,1.185326,1.053385,0.999022,0.920246
2026-04-07,1.197660,1.238186,1.100362,1.043574,0.961285
2026-04-08,1.183435,1.223479,1.087292,1.031179,0.949867
2026-04-09,1.195391,1.222256,1.098277,1.030148,0.959464
2026-04-10,1.214952,1.222256,1.116249,1.045975,0.975165
2026-04-11,1.216292,1.222256,1.117480,1.044929,0.976240
2026-04-12,1.177957,1.182510,1.082259,1.010950,0.945471
2026-04-13,1.239185,1.243976,1.138514,1.063497,0.994615
2026-04-14,1.234416,1.239187,1.134131,1.059404,0.990787
2026-04-15,1.245713,1.250528,1.144511,1.069099,0.999854
2026-04-16,1.251446,1.256284,1.149778,1.074020,1.004456
2026-04-17,1.283379,1.288340,1.179117,1.101425,1.030086
2026-04-18,1.260396,1.265268,1.158001,1.081700,1.011639
2026-04-19,1.228925,1.233675,1.129086,1.054691,0.986379
2026-04-20,1.262880,1.267762,1.160284,1.083833,1.013633
2026-04-21,1.271126,1.276040,1.167859,1.090909,1.020252
2026-04-22,1.301800,1.306832,1.196041,1.117234,1.044871
2026-04-23,1.303119,1.308157,1.197254,1.118367,1.045931
2026-04-24,1.289459,1.294444,1.184703,1.106643,1.034967
2026-04-25,1.292588,1.297584,1.187577,1.109328,1.037477
2026-04-26,1.309781,1.314844,1.203374,1.124084,1.051278
2026-04-27,1.288363,1.293344,1.183696,1.105703,1.034087
2026-04-28,1.271236,1.276150,1.167961,1.091004,1.020340
2026-04-29,1.261865,1.266743,1.159351,1.082961,1.012819
2026-04-30,1.271300,1.276214,1.168019,1.091058,1.020391
2026-05-01,1.302681,1.307716,1.196850,1.117990,1.045579
2026-05-02,1.310269,1.315334,1.203822,1.124503,1.051669
2026-05-03,1.308300,1.313357,1.202013,1.122813,1.050088
2026-05-04,1.329821,1.312044,1.221786,1.121690,1.067362
2026-05-05,1.347214,1.327892,1.237766,1.135239,1.081322
2026-05-06,1.356230,1.336779,1.246050,1.142837,1.088560
2026-05-07,1.332235,1.313128,1.224004,1.122617,1.069300
2026-05-08,1.335352,1.316200,1.226868,1.125243,1.071802
2026-05-09,1.343432,1.324164,1.234291,1.132052,1.078287
2026-05-10,1.368937,1.349303,1.257724,1.153544,1.098758
2026-05-11,1.361203,1.341681,1.250619,1.147027,1.092551
2026-05-12,1.340536,1.321309,1.231630,1.129611,1.075962
2026-05-13,1.320706,1.319988,1.213411,1.128482,1.060046
2026-05-14,1.350286,1.319988,1.240588,1.152628,1.083788
2026-05-15,1.317369,1.286490,1.210345,1.124529,1.057368
2026-05-16,1.301297,1.285203,1.195579,1.123405,1.044468
2026-05-17,1.289801,1.272564,1.185017,1.112357,1.035241
2026-05-18,1.282211,1.265076,1.178044,1.105811,1.029149
2026-05-19,1.279422,1.262324,1.175481,1.103406,1.026910
2026-05-20,1.291376,1.274118,1.186464,1.113715,1.036505
2026-05-21,1.292430,1.275158,1.187432,1.114624,1.037351
2026-05-22,1.257860,1.241051,1.155671,1.084811,1.009604
2026-05-23,1.278051,1.239809,1.174222,1.083726,1.025810
2026-05-24,1.283262,1.243625,1.179009,1.087061,1.029992
2026-05-25,1.287542,1.247773,1.182942,1.085974,1.033428
2026-05-26,1.264363,1.225310,1.161646,1.085974,1.014823
2026-05-27,1.239707,1.224084,1.138993,1.085974,1.013809
2026-05-28,1.225856,1.224084,1.126267,1.085974,1.001468
2026-05-29,1.223246,1.220254,1.123869,1.085974,0.999336
2026-05-30,1.230300,1.227291,1.130350,1.085974,1.005098
2026-05-31,1.226803,1.226063,1.129220,1.085974,1.004093
2026-06-01,1.189079,1.226063,1.129220,1.085974,1.004093
2026-06-02,1.111681,1.226063,1.129220,1.085974,1.004093
2026-06-03,1.068085,1.226063,1.129220,1.085974,1.004093
2026-06-04,1.063810,1.226063,1.123570,1.085974,0.999070
2026-06-05,1.016694,1.226063,1.073807,1.085974,0.998071
2026-06-06,1.013832,1.226063,1.070785,1.085974,0.998071
2026-06-07,1.054585,1.226063,1.113827,1.085974,1.037192
2026-06-08,1.050488,1.226063,1.109500,1.085974,1.036155
2026-06-09,1.027909,1.226063,1.085653,1.085974,1.036155
2026-06-10,1.024262,1.226063,1.081801,1.085974,1.036155
2026-06-11,1.059480,1.226063,1.118998,1.085974,1.036155
2026-06-12,1.058715,1.226063,1.117879,1.085974,1.036155
2026-06-13,1.073335,1.226063,1.117879,1.085974,1.036155
2026-06-14,1.094790,1.226063,1.139106,1.085974,1.055831
2026-06-15,1.104486,1.226063,1.149194,1.085974,1.054775
2026-06-16,1.093600,1.226063,1.137868,1.085974,1.054775
2026-06-17,1.074191,1.226063,1.117673,1.085974,1.054775
2026-06-18,1.048357,1.226063,1.090794,1.085974,1.054775
2026-06-19,1.058114,1.226063,1.100945,1.085974,1.063536
2026-06-20,1.070671,1.226063,1.114010,1.085974,1.076157
2026-06-21,1.054252,1.226063,1.112896,1.085974,1.075081
2026-06-22,1.066041,1.226063,1.124229,1.085974,1.075081
2026-06-23,1.044637,1.226063,1.123105,1.085974,1.075081
2026-06-24,1.017052,1.226063,1.092325,1.085974,1.075081
2026-06-25,0.995671,1.226063,1.069362,1.085974,1.051406
2026-06-26,1.000721,1.226063,1.074786,1.085974,1.056738
2026-06-27,0.999584,1.226063,1.073565,1.085974,1.055538
2026-06-28,0.992058,1.226063,1.072491,1.085974,1.054482
2026-06-29,1.003434,1.226063,1.072491,1.085974,1.054482
2026-06-30,0.976201,1.226063,1.042310,1.085974,1.024808
2026-07-01,0.999501,1.226063,1.067189,1.085974,1.049269
2026-07-02,1.025078,1.226063,1.094498,1.085974,1.076120
2026-07-03,1.042117,1.226063,1.112691,1.085974,1.094007
2026-07-04,1.051455,1.226063,1.122661,1.085974,1.103809
2026-07-05,1.059880,1.226063,1.131657,1.085974,1.112655
2026-07-06,1.066408,1.226063,1.130525,1.085974,1.111542
2026-07-07,1.055118,1.226063,1.130525,1.085974,1.111542
2026-07-08,1.037234,1.226063,1.130525,1.085974,1.111542
2026-07-09,1.052886,1.226063,1.130525,1.085974,1.111542
2026-07-10,1.068401,1.226063,1.130525,1.085974,1.111542
2026-07-11,1.062694,1.226063,1.130525,1.085974,1.111542
2026-07-12,1.062045,1.226063,1.130525,1.085974,1.111542
2026-07-13,1.037975,1.226063,1.130525,1.085974,1.111542
2026-07-14,1.083092,1.226063,1.130525,1.085974,1.111542
2026-07-15,1.078302,1.219414,1.124394,1.080084,1.105514
2026-07-16,1.062881,1.218195,1.108314,1.079004,1.089704
2026-07-17,1.064570,1.218195,1.107206,1.079004,1.088614
2026-07-18,1.079599,1.218195,1.121730,1.079004,1.102894
2026-07-19,1.077740,1.218195,1.119797,1.079004,1.100994
2026-07-20,1.086615,1.218195,1.129019,1.079004,1.110061
2026-07-21,1.108273,1.241257,1.151522,1.099432,1.132186
2026-07-22,1.100918,1.233020,1.143880,1.092136,1.124673
2026-07-23,1.084008,1.214081,1.126310,1.075360,1.107398
2026-07-24,1.068039,1.196196,1.109718,1.059519,1.091084
2026-07-25,1.071953,1.200579,1.113784,1.063401,1.095082
2026-07-26,1.089020,1.219695,1.131518,1.080333,1.112518
2026-07-27,1.061643,1.189032,1.103072,1.053174,1.084550
2026-07-28,1.064293,1.192000,1.105826,1.052121,1.087257
2026-07-29,1.065447,1.193292,1.107024,1.052121,1.088436
2026-07-30,1.078697,1.208133,1.120792,1.064153,1.101972
2026-07-31,1.047190,1.172845,1.088055,1.033071,1.069785
2026-08-01,1.046120,1.171672,1.086944,1.032038,1.068692
2026-08-02,1.058548,1.171672,1.099857,1.032038,1.081388
2026-08-03,1.057715,1.169579,1.098992,1.030194,1.080538
2026-08-04,1.067483,1.180379,1.109140,1.039707,1.090516
2026-08-05,1.076785,1.190666,1.118806,1.048768,1.100019
2026-08-06,1.071097,1.184375,1.112895,1.043227,1.094208
2026-08-07,1.081081,1.195415,1.123269,1.052951,1.104408
2026-08-08,1.081737,1.196141,1.123951,1.053591,1.105078
2026-08-09,1.080721,1.195018,1.122895,1.052601,1.104040
2026-08-10,1.065209,1.177865,1.106778,1.037492,1.088193
2026-08-11,1.059048,1.171052,1.100376,1.031491,1.081899
2026-08-12,1.057049,1.168842,1.098299,1.030460,1.079857
2026-08-13,1.057230,1.169042,1.098488,1.030460,1.080042
2026-08-14,1.049782,1.160806,1.090749,1.030460,1.072433
2026-08-15,1.050489,1.159645,1.091483,1.030460,1.071361
2026-08-16,1.047391,1.159645,1.088265,1.030460,1.071361
2026-08-17,1.074569,1.159645,1.116503,1.030460,1.071361
2026-08-18,1.077788,1.161960,1.119847,1.030460,1.073499
2026-08-19,1.154542,1.244708,1.199596,1.102813,1.149947
2026-08-20,1.215992,1.310958,1.263445,1.101710,1.211153
2026-08-21,1.304461,1.309647,1.355366,1.101710,1.299270
2026-08-22,1.283428,1.309647,1.333512,1.101710,1.278321
2026-08-23,1.294403,1.309647,1.332179,1.101710,1.289252
2026-08-24,1.315363,1.309647,1.352419,1.101710,1.310129
2026-08-25,1.307810,1.309647,1.344653,1.101710,1.302605
2026-08-26,1.315879,1.309647,1.352950,1.101710,1.310643
2026-08-27,1.336291,1.309647,1.373937,1.101710,1.330974
2026-08-28,1.296265,1.309647,1.332783,1.101710,1.291107
2026-08-29,1.302662,1.309647,1.339360,1.101710,1.297478
2026-08-30,1.293537,1.309647,1.329978,1.101710,1.288389
2026-08-31,1.308511,1.309647,1.345374,1.101710,1.303304
2026-09-01,1.289490,1.309647,1.325817,1.101710,1.284359
2026-09-02,1.287842,1.309647,1.324123,1.101710,1.282717
2026-09-03,1.353289,1.309647,1.322798,1.101710,1.347904
2026-09-04,1.326487,1.282399,1.295277,1.078788,1.321208
2026-09-05,1.329334,1.285151,1.298057,1.081104,1.324044
2026-09-06,1.337827,1.293363,1.306351,1.088011,1.332504
2026-09-07,1.317349,1.273565,1.286354,1.071357,1.312107
2026-09-08,1.306422,1.272291,1.285068,1.070285,1.310794
2026-09-09,1.303935,1.272291,1.281336,1.070285,1.310794
2026-09-10,1.274999,1.272291,1.252902,1.070285,1.280396
2026-09-11,1.285939,1.272291,1.263652,1.070285,1.291382
2026-09-12,1.286822,1.272291,1.264520,1.070285,1.292269
2026-09-13,1.279549,1.272291,1.257374,1.070285,1.284966
